<?xml version="1.0" encoding="UTF-8"?>
<project xmlns="http://maven.apache.org/POM/4.0.0" xmlns:xsi="http://www.w3.org/2001/XMLSchema-instance" xsi:schemaLocation="http://maven.apache.org/POM/4.0.0 http://maven.apache.org/maven-v4_0_0.xsd">
  <modelVersion>4.0.0</modelVersion>
  <groupId>com.supermarket</groupId>
  <artifactId>supermarket-app</artifactId>
  <version>1.0-SNAPSHOT</version>
  <build>
    <resources>
      <resource>
        <filtering>true</filtering>
        <directory>src/main/resources</directory>
      </resource>
    </resources>
    <plugins>
      <plugin>
        <artifactId>maven-compiler-plugin</artifactId>
        <version>3.10.1</version>
        <configuration>
          <source>17</source>
          <target>17</target>
          <compilerArgs>
            <arg>--enable-preview</arg>
          </compilerArgs>
        </configuration>
      </plugin>
      <plugin>
        <artifactId>maven-shade-plugin</artifactId>
        <version>3.4.1</version>
        <executions>
          <execution>
            <phase>package</phase>
            <goals>
              <goal>shade</goal>
            </goals>
            <configuration>
              <transformers>
                <transformer>
                  <mainClass>com.supermarket.Main</mainClass>
                </transformer>
                <transformer />
              </transformers>
              <filters>
                <filter>
                  <artifact>*:*</artifact>
                  <excludes>
                    <exclude>META-INF/*.SF</exclude>
                    <exclude>META-INF/*.DSA</exclude>
                    <exclude>META-INF/*.RSA</exclude>
                    <exclude>module-info.class</exclude>
                  </excludes>
                </filter>
              </filters>
            </configuration>
          </execution>
        </executions>
      </plugin>
      <plugin>
        <groupId>org.codehaus.mojo</groupId>
        <artifactId>exec-maven-plugin</artifactId>
        <version>3.1.0</version>
        <configuration>
          <mainClass>com.supermarket.Main</mainClass>
          <executable>java</executable>
          <arguments>
            <argument>--module-path</argument>
            <argument>${project.build.directory}/modules</argument>
            <argument>--add-modules</argument>
            <argument>javafx.controls,javafx.fxml</argument>
            <argument>-cp</argument>
            <argument>${project.build.directory}/classes:${project.build.directory}/dependency/*</argument>
            <argument>com.supermarket.Main</argument>
          </arguments>
        </configuration>
      </plugin>
      <plugin>
        <artifactId>maven-dependency-plugin</artifactId>
        <version>3.3.0</version>
        <executions>
          <execution>
            <id>copy-dependencies</id>
            <phase>prepare-package</phase>
            <goals>
              <goal>copy-dependencies</goal>
            </goals>
            <configuration>
              <outputDirectory>${project.build.directory}/dependency</outputDirectory>
              <overWriteReleases>false</overWriteReleases>
              <overWriteSnapshots>false</overWriteSnapshots>
              <overWriteIfNewer>true</overWriteIfNewer>
            </configuration>
          </execution>
        </executions>
      </plugin>
    </plugins>
  </build>
  <profiles>
    <profile>
      <id>dev-h2</id>
      <properties>
        <hibernate.hbm2ddl.auto>create-drop</hibernate.hbm2ddl.auto>
        <hibernate.dialect>org.hibernate.dialect.H2Dialect</hibernate.dialect>
        <db.username>sa</db.username>
        <db.driver>org.h2.Driver</db.driver>
        <db.url>jdbc:h2:mem:supermarket;DB_CLOSE_DELAY=-1;MODE=PostgreSQL</db.url>
      </properties>
    </profile>
    <profile>
      <id>prod-postgres</id>
      <properties>
        <hibernate.hbm2ddl.auto>update</hibernate.hbm2ddl.auto>
        <db.password>admin123</db.password>
        <hibernate.dialect>org.hibernate.dialect.PostgreSQLDialect</hibernate.dialect>
        <db.username>postgres</db.username>
        <db.driver>org.postgresql.Driver</db.driver>
        <db.url>jdbc:postgresql://localhost:5432/supermarket_db</db.url>
      </properties>
    </profile>
  </profiles>
  <properties>
    <hibernate.version>5.6.5.Final</hibernate.version>
    <maven.compiler.target>17</maven.compiler.target>
    <maven.compiler.source>17</maven.compiler.source>
    <project.build.sourceEncoding>UTF-8</project.build.sourceEncoding>
    <javafx.version>17.0.2</javafx.version>
  </properties>
</project>
